<?xml version="1.0" encoding="UTF-8" standalone="yes"?>
<addon id="plugin.video.catchuptvandmore"
       name="Catch-up TV &amp; More"
       version="0.2.8~beta01"
       provider-name="SylvainCcchetto,wwark">
  <requires>
    <import addon="xbmc.python" version="2.25.0"/>
    <import addon="script.module.youtube.dl" version="18.225.0"/>
    <import addon="script.module.requests" version="2.12.4"/>
    <import addon="script.module.codequick" version="0.9.10"/>
    <import addon="script.module.pytz" version="2014.2"/>
    <import addon="script.module.inputstreamhelper" version="0.3.3"/>
    <import addon="script.module.six" version="1.11.0"/>
    <import addon="script.module.pyqrcode" version="0.0.1"/>
  </requires>
  <extension point="xbmc.python.pluginsource" library="addon.py">
    <provides>video</provides>
  </extension>
  <extension point="xbmc.addon.metadata">
    <reuselanguageinvoker>false</reuselanguageinvoker>
    <summary lang="fr_fr">Catch-Up TV &amp; More : Replay TV, Live TV et bien plus encore.</summary>
    <description lang="fr_fr">Catch-Up TV &amp; More regroupe dans un même plugin Kodi l'ensemble des vidéos des différents services et chaînes de Replay TV (rattrapage TV) ainsi que l'accès au direct. De plus, cette extension vous permet d'accéder rapidement aux vidéos et contenus proposés par certains sites internet.</description>
    <disclaimer lang="fr_fr">Retours de bugs, propositions d'améliorations ou d'ajout de contenus sont les bienvenue ! GitHub ou e-mail.</disclaimer>
    <summary lang="en_gb">Catch-Up TV &amp; More: It's all in the title.</summary>
    <description lang="en_gb">Catch-Up TV &amp; More brings together in one Kodi add-on all the videos of the various services and channels of catch-up TV and live TV. Furthermore, this add-on allows you to quickly access the videos and content offered by certain websites.</description>
    <disclaimer lang="en_gb">Bug reports, suggestions for improvements or content additions are welcome! GitHub or e-mail.</disclaimer>
    <description lang="he_il">ההרחבה מאפשרת לך להתעדכן בתוכן השידורים תוסף אחד של קודי מרכז את כל קטעי וידאו של שירותים שונים וערוצי תוכן משודר. בנוסף, תוספת זו מאפשרת לך לגשת במהירות לסרטונים ולתכנים המוצעים על ידי אתרים מסוימים.</description>
    <disclaimer lang="he_il">דוחות שגיאה, הצעות לשיפור או תוספות תוכן יתקבלו בברכה! ל-GitHub או אימייל.</disclaimer>
    <summary lang="nl_nl">Catch-Up TV &amp; More: Replay tv, Live tv en meer.</summary>
    <description lang="nl_nl">Catch-Up TV &amp; More brengt replay en live tv van verschikkende diensten en kanalen samen in één Kodi add-on. Bovendien stelt deze add-on u instaat video's van bepaalde websites makkelijk te benaderen.</description>
    <disclaimer lang="nl_nl">Bug meldingen, suggesties ter verbetering of additionele inhouden zijn welkom! Via GitHub of e-mail.</disclaimer>

    <language></language>
    <platform>all</platform>
    <license>GNU GENERAL PUBLIC LICENSE. Version 2, June 1991</license>
    <forum>https://forum.kodi.tv/showthread.php?tid=307107</forum>
    <website>https://catch-up-tv-and-more.github.io/</website>
    <email>catch.up.tv.and.more at gmail dot com</email>
    <source>https://github.com/Catch-up-TV-and-More/plugin.video.catchuptvandmore</source>
    <news>
[Version 0.2.8]
[Fix] Live TV - L'équipe TV (FR)
[Fix] Live TV - NRJ 12 / Cherie 25 (FR)
    </news>
    <assets>
      <icon>icon.png</icon>
      <fanart>fanart.jpg</fanart>
      <screenshot>resources/screenshots/screenshot-01.jpg</screenshot>
      <screenshot>resources/screenshots/screenshot-02.jpg</screenshot>
      <screenshot>resources/screenshots/screenshot-03.jpg</screenshot>
      <screenshot>resources/screenshots/screenshot-04.jpg</screenshot>
      <screenshot>resources/screenshots/screenshot-05.jpg</screenshot>
    </assets>
  </extension>
</addon>
