<?xml version="1.0" encoding="UTF-8" standalone="yes"?>
<addon id="plugin.video.catchuptvandmore" name="Catch-up TV &amp; More" version="0.2.41~beta29" provider-name="SylvainCecchetto,wwark,joaopa">
  <requires>
    <!-- xbmc.python -->
    <import addon="script.module.codequick" version="0.9.13"/>
    <import addon="script.module.youtube.dl" version="18.225.0"/>
    <import addon="script.module.requests" version="2.12.4"/>
    <import addon="script.module.pytz" version="2014.2"/>
    <import addon="script.module.inputstreamhelper" version="0.3.3"/>
    <import addon="script.module.six" version="1.11.0"/>
    <import addon="script.module.pyqrcode" version="0.0.1"/>
    <import addon="script.module.tzlocal" version="2.0.0"/>
    <import addon="script.module.future" version="0.17.1"/>
    <import addon="script.module.kodi-six" version="0.0.4"/>
    <import addon="resource.images.catchuptvandmore" version="1.0.0"/>
  </requires>
  <extension point="xbmc.python.pluginsource" library="addon.py">
    <provides>video</provides>
  </extension>
  <extension point="xbmc.service" library="service.py"/>
  <extension point="xbmc.addon.metadata">
    <!-- Set reuselanguageinvoker to false while developing the addon, making it only true for the production version -->
    <!-- See https://kodi.wiki/view/Addon.xml#.3Creuselanguageinvoker.3E -->
    <reuselanguageinvoker>true</reuselanguageinvoker>
    <summary lang="fr_FR">Catch-Up TV &amp; More : Télévision de rattrapage, télévision en direct et bien plus encore.</summary>
    <description lang="fr_FR">Catch-Up TV &amp; More regroupe dans une même extension de Kodi l'ensemble des vidéos des différents services et chaînes de rattrapage TV ainsi que l'accès au direct. De plus, cette extension vous permet d'accéder rapidement aux vidéos et contenus proposés par certains sites internet.</description>
    <disclaimer lang="fr_FR">Retours de bugs, propositions d'améliorations ou d'ajout de contenus sont les bienvenue ! GitHub ou e-mail.</disclaimer>
    <summary lang="en_GB">Catch-Up TV &amp; More: It's all in the title.</summary>
    <description lang="en_GB">Catch-Up TV &amp; More brings together in one Kodi add-on all the videos of the various services and channels of catch-up TV and live TV. Furthermore, this add-on allows you to quickly access the videos and content offered by certain websites.</description>
    <disclaimer lang="en_GB">Bug reports, suggestions for improvements or content additions are welcome! GitHub or e-mail.</disclaimer>
    <description lang="he_IL">ההרחבה מאפשרת לך להתעדכן בתוכן השידורים תוסף אחד של קודי מרכז את כל קטעי וידאו של שירותים שונים וערוצי תוכן משודר. בנוסף, תוספת זו מאפשרת לך לגשת במהירות לסרטונים ולתכנים המוצעים על ידי אתרים מסוימים.</description>
    <disclaimer lang="he_IL">דוחות שגיאה, הצעות לשיפור או תוספות תוכן יתקבלו בברכה! ל-GitHub או אימייל.</disclaimer>
    <summary lang="nl_NL">Catch-Up TV &amp; More: Replay tv, Live tv en meer.</summary>
    <description lang="nl_NL">Catch-Up TV &amp; More brengt replay en live tv van verschikkende diensten en kanalen samen in één Kodi add-on. Bovendien stelt deze add-on u instaat video's van bepaalde websites makkelijk te benaderen.</description>
    <disclaimer lang="nl_NL">Bug meldingen, suggesties ter verbetering of additionele inhouden zijn welkom! Via GitHub of e-mail.</disclaimer>

    <language></language>
    <platform>all</platform>
    <license>GPL-2.0</license>
    <forum>https://forum.kodi.tv/showthread.php?tid=307107</forum>
    <website>https://catch-up-tv-and-more.github.io/</website>
    <email>catch.up.tv.and.more at gmail dot com</email>
    <source>https://github.com/Catch-up-TV-and-More/plugin.video.catchuptvandmore</source>
    <news>
[Version 0.2.41]
[UK - CHANNEL4] Fix replay (PR #1465 issue #1464) thanks @ploughpuff
[FR - 6PLAY] Fix replay (PR #1468 issue #1466) thanks @jeff2900
[UK - CHANNEL4] Fix duplicates on Next Page and add Sort By setting (PR #1467 issue #1128) thanks @ploughpuff
[UK - BLAZE] Fix replay (issue #1471)
[UK - UKTVPLAY] Fix replay (PR #1470 issue #1393) @nictjir
[FR - 6PLAY] Code improvement (PR #1472) thanks @jeff2900
[WO - ARTE] Fix replay (PR #1476) thanks @jeff2900
[FR - TF1PLUS] Fix drmed live (PR #1428 issue #1427) thanks @nitrorac
[JP - TVER] Change API (issue #1481)
[JP - TVER] Add user agent in headers (issue #1493)
[FR - MYCANAL] Disabled since not working
[PROJECT] BFM Ile-de-France is no longer available (issue #1491)
[BE - RTBF] Fix replay (PR #1494 issue #1485) thanks @jeff2900
[UK - STV] Allow some downloads (issue #1430)
[CH - SRGSSR] Fix RTS replay (PR #1497) thanks @jeff2900
[FR - FRANCETV] Enabled Replay dash stream (PR #1496) thanks @jeff2900
[WO - TV5MONDE] Fix replay error 403 (PR #1499) thanks @jeff2900
[WO - TV5MONDEAFRIQUE] Fix replay error 403 (PR #1500) thanks @jeff2900
[CH - SRGSSR] Fix RTS replay (PR #1501) thanks @jeff2900
[FR] Add TvMonaco
[FR] Sort skeleton
[VE - VENEZOLANA] Fix live
[PE - ATV] Fix live
[PE - ENLACE] Fix live
[PE - PANAMERICANA] Fix live
[BO - BOLIVIATV] Fix live
[JP - JAPANNETSHOPPINGDX] Remove completely
[JP] Add QVC
[PROJECT] Fix the video path in Brightcove resolver
[UK - SKYNEWS] Fix live
[WO - TV5MONDE] Fix replay error 403 (PR #1506) thanks @jeff2900
[WO - TV5MONDEAFRIQUE] Fix replay error 403 (PR #1507) thanks @jeff2900
[BE - RTLPLAYBE] Fix missing videos (PR #1508 issue #1434) thanks @jeff2900
[UK] Remove not available channels (issue #1515)
[UK - FAILARMY] Fix live
[UK - THEPETCOLLECTIVE] Fix live
[UK] Change the country of some channels
[WO - RT] Only Arabic language is available
[UK - DUST] Remove completely
[UK - BOXPLUS] Remove completely
[GR - EPT] Fix live (issue #1327)
[WO - EPTWORLD] Fix live (issue #1327)
[GR - EPT] Add some channels
[WO - AFRICA24] Fix live
[FR] Add t18 live (PR #1522 issue #1520) thanks @jeff2900
[FR] Add Novo19 skeleton (PR #1522 issue #1520) thanks @jeff2900
[FR] Sort live skeleton by TNT order (PR #1522 issue #1520) thanks @jeff2900
[FR - FRANCETV] Fix live missing channel_id (PR #1523) thanks @jeff2900
[FR - FRANCETV] Fix replay drm (PR #1524) thanks @jeff2900
[FR - FRANCETV] Fix replay items no found (PR #1526 issue #1519) thanks @jeff2900
[BE - RTLPLAYBE] Replay Fix KeyError: 'lfvp_auth_token' (PR #1534] thanks @jeff2900
[WO - ARTE] Replay add Search (PR #1541) thanks @jeff2900
[FR - 6PLAY] Replay add Search (PR #1543) thanks @jeff2900
[FR - TF1PLUS] Replay add sorting by Seasons (PR #1544) thanks @jeff2900
[UK - MY5] Fixed replay listings and subtitles (PR #1547) thanks @dimkroon
[PROJECT] Upate User-Agent (issue #1538)
[UK - BLAZE] Fix replay (issue #1550)
[UK - BLAZE] Replay improved plots. (PR #1552) thanks @dimkroon
[JP - TVER] Fix replay (issue #1549)
[WO - ARTE] Replay: add next page if more than 20 items (PR #1553) thanks @jeff2900
[BE - RTLPLAYBE] Fix error 401 after playing video (PR #1554) thanks @jeff2900
[BE - RTBF] Live Tipik: Fix error 'No scheme supplied' (PR #1556) thanks @jeff2900
[PROJECT] Fix live TV guides for UK (PR #1561) thanks @dimkroon
[WO - ARTE] Fix unsuitable next_page items (PR #1559) thanks @jeff2900
[WO - TV5MONDE*] Code improvement (PR #1559) thanks @jeff2900
[PROJECT - UK] Live TV guides from freeview (PR #1558) thanks @dimkroon
[PROJECT] Fix timezone issue with tv guides (PR #1562) thanks @dimkroon
[UK- My5] Implement HTTP caching (PR #1561) thanks @dimkroon
[WO - ARTE] Fixed missing videos in category 'courts-metrages' (PR #1567 issue #1466) thanks @jeff2900
[Project - UK] Add UK-STV EPG (PR #1568) thanks @dimkroon
[PROJECT] Fix Kodi hangs after error (PR #1569) thanks @dimkroon
[FR - LCP] Replay fixed IndexError and added search functionality (PR #1572) thanks at jeff2900
[FR - LCP] Replay fixed video not yet available (PR #1573) thanks @jeff2900
[FR - NOVO19] Add live and replay features (PR #1575) thanks @jeff2900
[FR - NOVO19] Improved film ID detection (PR #1578) thanks @jeff2900
[FR - LEQUIPE] Replay: fiexed ConnectionError(PR #1583 issue #1048) thanks @jeff2900
[FR - NOVO19] Replay: added new category and improved UI (PR #1582) thanks @jeff2900
[FR - LEQUIPETV] Restore 'L'Equipe Live' channel (PR #1587 issue #1586) thanks @jeff2900
[UK - STV] Replay: fix missing shows in categories (PR #1588 issues #1579 and #1502) thanks @dimkroon
[FR - RMCBFMPLAYER] Add live channel 'RMC Life' (PR #1593) thanks @jeff2900
UK - WATCHFREEUK] Add new channel (PR #1595 issue #1518) thanks @dimkroon
[FR - FRANCETV] Add Live and Replay partners channels feature (PR #1596) thanks @jeff2900
[FR - RMCLIVE] Fix extension of the picture in skeleton
[UK - CHANNEL4] Replay: Keep the 'next page' item on the bottom regardless of sort method (PR #1598) thanks @dimkroon
UK - MY5] Replay: Keep the 'next page' item on the bottom regardless of sort method (PR #1598) thanks @dimkroon
[UK - SKY] Replay: Keep the 'next page' item on the bottom regardless of sort method (PR #1598) thanks @dimkroon
[PROJECT] Workaround some dailymotion.com videos without audio (PR #1597 issue #1563 #1592) thanks @jeff2900
[BE - RTLPLAYBE] Update to API 22 and improve login (PR #1604) thanks @jeff2900
[UK - STV] Add STV+1 (PR #1611) thanks @CasperMcFadden95
[UK - STV] Use 1080p live streams if available (PR #1610 issue #1609) thanks @CasperMcFadden95
[UK - CHANNEL4] Expose 1080p live streams (PR #1612 issue #1606) thanks @CasperMcFadden95
[PROJECT] Disable broken UK live channels (PR #1613) thanks @CasperMcFadden95
[LU - RTL] Corrected the path to channel URL for Luxembourg's RTL channels (PR #1614) thanks @qvalette
[UK - STV+1] Add EPG (PR #1615) thanks @dimkroon
[UK - MY5] Expose 1080p VOD streams (PR #1616) thanks @CasperMcFadden95
[UK - CHANNEL4] Set fanart (PR #1619) thanks @CasperMcFadden95
[FR - TF1PLUS] Add all channel to aggregate programs from all TF1 group channels (PR #1620) thanks @tguillaume02
[UK- Channel 4] Use amazonfire-dash API if login provided to expose higher quality VOD (PR #1621 issue #1618) thanks @CasperMcFadden95
[UK - Channel 4] Set more ListItem info (PR #1623) thanks @CasperMcFadden95
[UK - Channel 4] Use same categories URL as website (PR #1624) thanks @CasperMcFadden95
[UK Channel 4] Fix Categories due to bad merge (PR #1626) thanks @CasperMcFadden95
[FR - RMCBFMPLAY] Increase the number of listable emissions (issue #1622)
[PROJECT] Disable broken uklocaltv (PR #1630) thanks @CasperMcFadden95
[UK - STV] Make DRM content visible and playable (PR #1631) thanks @CasperMcFadden95
[UK - Channel4] Add Search (PR #1629) thanks @CasperMcFadden95
[PROJECT] Update clear_cache method to delete *.json files (PR #1628) thanks @CasperMcFadden95
[UK - MY5] Replay: Major rework with new entry page (PR #1633) thanks @dimkroon
[PROJECT] Short EPG in live plots (PR #1634) thanks @dimkroon
[PROJECT] Different colour for 'now playing' in live items (PR #1634) thanks @dimkroon
[UK - MY5] Account sign in/out (PR #1637) thanks @dimkroon
[UK - MY5] Implement MyList (PR #1637) thanks @dimkroon
[UK - MY5] Added 'We think you'll like' (PR #1637) thanks @dimkroon
[UK - CHANNEL4] Prioritise webvtt subtitles as they contain colour (PR #1640) thanks @CasperMcFadden95
[SA] Add Shahid (PR #1639) thanks @CasperMcFadden95
PROJECT] Direct urls to github xmltv files (PR #1641) thanks @dimkroon
PROJECT] Fix translations (PR #1642) thanks @dimkroon
[UK - CHANNEL4] Add more item metadata (PR #1643) thanks @CasperMcFadden95
[UK - WFUK] Fixed listing episodes (PR #1644) thanks @dimkroon
[UK - MY5] Replay: List continue watching (PR #1646) thanks @dimkroon
[PROJECT] Added play progres monitor (PR #1646) thanks @dimkroon
[UK - MY5] Replay: Report playtime to web service (PR #1646) thanks @dimkroon
[UK - CHANNEL4] Add Homepage items (PR #1647) thanks @CasperMcFadden95
[UK - CHANNEL4] Set item date and remove bottomText (PR #1648) thanks @CasperMcFadden95
[UK] Add Great! Player (PR #1650 issue #1638) thanks @CasperMcFadden95
[UK] Add Talking Pictures TV Encore (PR #1631) thanks @CasperMcFadden95
[FR] Add CNEWS-PRIME live
[SA - Shahid] Fix error userMessage not being displayed to user (PR #1652) thanks @CasperMcFadden95
[UK - Channel 4] Don't set date if None (PR #1653) thanks @CasperMcFadden95
[UK - CHANNEL4] Get anonymous token to allow for higher quality VOD without credentials (PR #1653) thanks @CasperMcFadden95
[UK - Channel 4] Use amazonfire-dash api for live to avoid url hack (PR #1655) thanks @CasperMcFadden95
[FR - 6PLAY] Fixed login error (PR #1657 issue #1656) thanks @jeff2900
[UK - CHANNEL4] Revert Get anonymous token to allow for higher quality VOD without credentials (PR #1661 issue 1659) thanks @CasperMcFadden95
[UK - MY5] report_play_time should not show msg on fail (PR #1662) thanks @CasperMcFadden95
[FR - TELEPAESE] Fix live
----
Visit WebSite - http://mpdb.tv/#home which host the french forum used by users of CU TV and More
    </news>
    <assets>
      <icon>icon.png</icon>
      <fanart>fanart.jpg</fanart>
      <screenshot>resources/screenshots/screenshot-01.jpg</screenshot>
      <screenshot>resources/screenshots/screenshot-02.jpg</screenshot>
      <screenshot>resources/screenshots/screenshot-03.jpg</screenshot>
      <screenshot>resources/screenshots/screenshot-04.jpg</screenshot>
      <screenshot>resources/screenshots/screenshot-05.jpg</screenshot>
    </assets>
  </extension>
</addon>
