<?xml version="1.0" encoding="UTF-8" standalone="yes"?>
<addon id="catchuptvandmore.kodi.jarvis.release" name="Catch-up TV &amp; More Jarvis/Release repository addon" version="0.0.5" provider-name="SylvainCcchetto,wwark">
  <requires>
    <import addon="xbmc.addon" version="16.0.0"/>
  </requires>
  <extension point="xbmc.addon.repository" name="Catch-up TV &amp; More Jarvis/Release repository addon">
    
    <info compressed="false">
      https://raw.github.com/Catch-up-TV-and-More/repository.catchuptvandmore/master/addons_xmls/jarvis_release/addons.xml
    </info>
    
    <checksum>
      https://raw.github.com/Catch-up-TV-and-More/repository.catchuptvandmore/master/addons_xmls/jarvis_release/addons.xml.md5
    </checksum>
    
    <datadir zip="true">
      https://raw.github.com/Catch-up-TV-and-More/repository.catchuptvandmore/master/zips/jarvis_release
    </datadir>
  
  </extension>
  
  <extension point="xbmc.addon.metadata">
    <summary>
      To get the Catch-up TV &amp; More addon
    </summary>
    
    <description>
      Install Catch-up TV &amp; More addon in its latest official version from the official developers repository. WARNING: The last major version of the plugin will no longer support Kodi 16 (Jarvis). To continue using this addon please update to (at least) Kodi 17 or contact us for more information. Thank you for your understanding.
    </description>
    
    <platform>
      all
    </platform>
    
    <website>
      https://github.com/Catch-up-TV-and-More/plugin.video.catchuptvandmore
    </website>
    
  </extension>
</addon>
