<?xml version="1.0" encoding="UTF-8" standalone="yes"?>
<addon id="plugin.video.catchuptvandmore"
       name="Catch-up TV &amp; More"
       version="0.2.2~beta10"
       provider-name="SylvainCcchetto,wwark">
  <requires>
    <import addon="xbmc.python" version="2.25.0"/>
    <import addon="script.module.beautifulsoup4" version="4.3.2"/>
    <import addon="script.module.youtube.dl" version="18.225.0"/>
    <import addon="script.module.requests" version="2.12.4"/>
    <import addon="script.module.codequick" version="0.9.5"/>
    <import addon="script.module.pytz" version="2014.2"/>
    <import addon="script.module.inputstreamhelper" version="0.3.3"/>
  </requires>
  <extension point="xbmc.python.pluginsource" library="addon.py">
    <provides>video</provides>
  </extension>
  <extension point="xbmc.addon.metadata">
    <reuselanguageinvoker>false</reuselanguageinvoker>
    <summary lang="fr_fr">Catch-Up TV &amp; More : Replay TV, Live TV et bien plus encore.</summary>
    <description lang="fr_fr">Catch-Up TV &amp; More regroupe dans un même plugin Kodi l'ensemble des vidéos des différents services et chaînes de Replay TV (rattrapage TV) ainsi que l'accès au direct. De plus, cette extension vous permet d'accéder rapidement aux vidéos et contenus proposés par certains sites internet.</description>
    <disclaimer lang="fr_fr">Retours de bugs, propositions d'améliorations ou d'ajout de contenus sont les bienvenue ! GitHub ou e-mail.</disclaimer>
    <summary lang="en_gb">Catch-Up TV &amp; More: It's all in the title.</summary>
    <description lang="en_gb">Catch-Up TV &amp; More brings together in one Kodi plugin all the videos of the various services and channels of catch-up TV and live TV. Furthermore, this addon allows you to quickly access the videos and content offered by certain websites.</description>
    <disclaimer lang="en_gb">Bug reports, suggestions for improvements or content additions are welcome! GitHub or e-mail.</disclaimer>
    <description lang="he_il">ההרחבה מאפשרת לך להתעדכן בתוכן השידורים תוסף אחד של קודי מרכז את כל קטעי וידאו של שירותים שונים וערוצי תוכן משודר. בנוסף, תוספת זו מאפשרת לך לגשת במהירות לסרטונים ולתכנים המוצעים על ידי אתרים מסוימים.</description>
    <disclaimer lang="he_il">דוחות שגיאה, הצעות לשיפור או תוספות תוכן יתקבלו בברכה! ל-GitHub או אימייל.</disclaimer>

    <language>fr</language>
    <platform>all</platform>
    <license>GNU GENERAL PUBLIC LICENSE. Version 2, June 1991</license>
    <forum></forum>
    <website></website>
    <email>catch.up.tv.and.more [AT] gmail [DOT] com</email>
    <source>https://github.com/Catch-up-TV-and-More/plugin.video.catchuptvandmore</source>
    <news>
[Version 0.2.2]
[Add] InputStreamHelper
[Improvements] Les Argonautes - check video is available (CA)
[Fix] Allocine - Change website (FR)
[Add Channel] Add UKTV Play - DRM Contents (UK)
[Add Live TV] Quest TV and Quest RED - DRM Contents (UK)
[Add DRM] Quest OD (UK)
[Add DRM] MyTF1 Replay (FR)
[Add DRM] 6play Replay and Live TV (FR)
[Add Live TV] M6 Boutique (FR)
[Add DRM] RTLPlay Replay (BE)
[Improvements] Messages for content required account
[Change] Add Subtitle to listitem - adapt the code to use last change of codequick
[Fix] Function 'Clear cache' in the settings
[Improvements] La 1ère and France3Region Replay (Add emissions, ...) (FR)
[Fix] TZLocal on Windows
[Add Website] National FFF (FR)
[Add Live TV] Télé-Mag (CA)
[Fix] Replay - RMC story (FR)
[Fix] Replay - RMC Decouverte (FR)
[Improvements] Replay - France TV - Add more details - thanks Forage
[Add Subtitle] BVN - Replay (WO)
[Fix] BVN - Replay - Not using cache if token / no cache also for the token (WO)
[Work-Around] Settings not shown for Kodi 18 - to be fixed
[Update] Noob TV (website) (FR)
[Fix] Website - Culture Pub (FR)
[Fix] Replay - Ici Télé (CA)
    </news>
    <assets>
      <icon>icon.png</icon>
      <fanart>fanart.jpg</fanart>
      <screenshot>resources/screenshots/screenshot-01.jpg</screenshot>
      <screenshot>resources/screenshots/screenshot-02.jpg</screenshot>
      <screenshot>resources/screenshots/screenshot-03.jpg</screenshot>
      <screenshot>resources/screenshots/screenshot-04.jpg</screenshot>
      <screenshot>resources/screenshots/screenshot-05.jpg</screenshot>
    </assets>
  </extension>
</addon>
