<?xml version="1.0" encoding="UTF-8" standalone="yes"?>
<addon id="plugin.video.catchuptvandmore"
       name="Catch-up TV &amp; More"
       version="0.2.0~beta24"
       provider-name="SylvainCcchetto,wwark">
  <requires>
    <import addon="xbmc.python" version="2.25.0"/>
    <import addon="script.module.beautifulsoup4" version="4.3.2"/>
    <import addon="script.module.youtube.dl" version="18.225.0"/>
    <import addon="script.module.requests" version="2.12.4"/>
    <import addon="script.module.codequick" version="0.9.5"/>
    <import addon="script.module.pytz" version="2014.2"/>
  </requires>
  <extension point="xbmc.python.pluginsource" library="addon.py">
    <provides>video</provides>
  </extension>
  <extension point="xbmc.addon.metadata">
    <reuselanguageinvoker>false</reuselanguageinvoker>
    <summary lang="fr_fr">Catch-Up TV &amp; More : Replay TV, Live TV et bien plus encore.</summary>
    <description lang="fr_fr">Catch-Up TV &amp; More regroupe dans un même plugin Kodi l'ensemble des vidéos des différents services et chaînes de Replay TV (rattrapage TV) ainsi que l'accès au direct. De plus, cette extension vous permet d'accéder rapidement aux vidéos et contenus proposés par certains sites internet.</description>
    <disclaimer lang="fr_fr">Retours de bugs, propositions d'améliorations ou d'ajout de contenus sont les bienvenue ! GitHub ou e-mail.</disclaimer>
    <summary lang="en_gb">Catch-Up TV &amp; More: It's all in the title.</summary>
    <description lang="en_gb">Catch-Up TV &amp; More brings together in one Kodi plugin all the videos of the various services and channels of catch-up TV and live TV. Furthermore, this addon allows you to quickly access the videos and content offered by certain websites.</description>
    <disclaimer lang="en_gb">Bug reports, suggestions for improvements or content additions are welcome! GitHub or e-mail.</disclaimer>
    <description lang="he_il">ההרחבה מאפשרת לך להתעדכן בתוכן השידורים תוסף אחד של קודי מרכז את כל קטעי וידאו של שירותים שונים וערוצי תוכן משודר. בנוסף, תוספת זו מאפשרת לך לגשת במהירות לסרטונים ולתכנים המוצעים על ידי אתרים מסוימים.</description>
    <disclaimer lang="he_il">דוחות שגיאה, הצעות לשיפור או תוספות תוכן יתקבלו בברכה! ל-GitHub או אימייל.</disclaimer>

    <language>fr</language>
    <platform>all</platform>
    <license>GNU GENERAL PUBLIC LICENSE. Version 2, June 1991</license>
    <forum></forum>
    <website></website>
    <email>catch.up.tv.and.more [AT] gmail [DOT] com</email>
    <source>https://github.com/Catch-up-TV-and-More/plugin.video.catchuptvandmore</source>
    <news>
[Version 0.2.O]
[Framework] Switch to CodeQuick framework
[New] TV Guide FR
[Add Channel] STV (UK)
[Improvements] Allocine - Add new contents / fix thumb in certain cases (FR)
[Improvements] FranceTV - Add subtitle for Replay (FR)
[Add Channel] J-One (FR)
[Add Live TV] viàATV, vià93 et viàGrandParis (FR)
[Add Channel] Atresplayer (ES) - Kodi 17.6 and inputstream.adaptive "enable" are required
[Improvements] MYTF1 - Add notification when the video is not available - Get list of programs more accurate (FR)
[Fix] Taratata - Video from FranceTV (FR)
[Add Live TV] نسمة تي في (TN)
[Remove] Heart TV - Live TV (UK)
[Add Live TV] Kerrang, Magic, Kiss, The Box, Box Hits, Box Upfront (UK)
[Fix] BVN - Fix dash behind every video title - Thanks Forage (WO)
[Fix] Arte TV - Replay (WO)
[Add Channel - Live TV] La7 (IT)
[Readd Channel] TéléMB (BE)
[Fix] Canal+ - Fix some errors on Replay (FR)
[Fix] RMC Story - Dates on Replay (FR)
[Add Live TV] All Live Rai (Rai 1, 2, News 24, Sport, ...) (IT)
[Add Channel] Jack (mycanal) (FR)
[Improvements] BVN - Add time on video title - Thanks Forage (WO)
[Add Channel] Antenne Réunion (FR)
[Add Channel] Caledonia (FR)
[Add Channel] La7d (IT)
[Add Website] Les Argonautes (CA)
[Add Channel] Rai Play (IT)
[Fix] RTL 2 and Fun Radio Live TV (FR)
[Add Channel - Live TV] Tébéo (FR)
[Fix] Autoplus - website (FR)
[Change] Dailymotion content rely on youtube-dl
[Improvements] FranceTV - Replay - Add program Name in recent videos (FR)
[Fix] BFM TV / BFM Business / BFM Paris - Live TV (FR)
[Improvements] Add TV Guide (BE)
[Improvements] Add settings to activate subtitle if present in the content (desactivate by default)
[Fix] Navigation Mycanal replay / Add notification for DRM video for mycanal replay (FR)
[Remove] Specific Code for Kodi Jarvis (not supported by codequick)
[Change] Update screenshots
[Fix] Fir timezone error (issue #102)
    </news>
    <assets>
      <icon>icon.png</icon>
      <fanart>fanart.jpg</fanart>
      <screenshot>resources/screenshots/screenshot-01.jpg</screenshot>
      <screenshot>resources/screenshots/screenshot-02.jpg</screenshot>
      <screenshot>resources/screenshots/screenshot-03.jpg</screenshot>
      <screenshot>resources/screenshots/screenshot-04.jpg</screenshot>
      <screenshot>resources/screenshots/screenshot-05.jpg</screenshot>
    </assets>
  </extension>
</addon>
