<?xml version="1.0" encoding="UTF-8" standalone="yes"?>
<addon id="plugin.video.catchuptvandmore" name="Catch-up TV &amp; More" version="0.2.38~beta42" provider-name="SylvainCecchetto,wwark,joaopa">
  <requires>
    <!-- xbmc.python -->
    <import addon="script.module.codequick" version="0.9.13"/>
    <import addon="script.module.youtube.dl" version="18.225.0"/>
    <import addon="script.module.requests" version="2.12.4"/>
    <import addon="script.module.pytz" version="2014.2"/>
    <import addon="script.module.inputstreamhelper" version="0.3.3"/>
    <import addon="script.module.six" version="1.11.0"/>
    <import addon="script.module.pyqrcode" version="0.0.1"/>
    <import addon="script.module.tzlocal" version="2.0.0"/>
    <import addon="script.module.future" version="0.17.1"/>
    <import addon="script.module.kodi-six" version="0.0.4"/>
    <import addon="resource.images.catchuptvandmore" version="1.0.0"/>
  </requires>
  <extension point="xbmc.python.pluginsource" library="addon.py">
    <provides>video</provides>
  </extension>
  <extension point="xbmc.service" library="service.py"/>
  <extension point="xbmc.addon.metadata">
    <!-- Set reuselanguageinvoker to false while developing the addon, making it only true for the production version -->
    <!-- See https://kodi.wiki/view/Addon.xml#.3Creuselanguageinvoker.3E -->
    <reuselanguageinvoker>true</reuselanguageinvoker>
    <summary lang="fr_FR">Catch-Up TV &amp; More : Télévision de rattrapage, télévision en direct et bien plus encore.</summary>
    <description lang="fr_FR">Catch-Up TV &amp; More regroupe dans une même extension de Kodi l'ensemble des vidéos des différents services et chaînes de rattrapage TV ainsi que l'accès au direct. De plus, cette extension vous permet d'accéder rapidement aux vidéos et contenus proposés par certains sites internet.</description>
    <disclaimer lang="fr_FR">Retours de bugs, propositions d'améliorations ou d'ajout de contenus sont les bienvenue ! GitHub ou e-mail.</disclaimer>
    <summary lang="en_GB">Catch-Up TV &amp; More: It's all in the title.</summary>
    <description lang="en_GB">Catch-Up TV &amp; More brings together in one Kodi add-on all the videos of the various services and channels of catch-up TV and live TV. Furthermore, this add-on allows you to quickly access the videos and content offered by certain websites.</description>
    <disclaimer lang="en_GB">Bug reports, suggestions for improvements or content additions are welcome! GitHub or e-mail.</disclaimer>
    <description lang="he_IL">ההרחבה מאפשרת לך להתעדכן בתוכן השידורים תוסף אחד של קודי מרכז את כל קטעי וידאו של שירותים שונים וערוצי תוכן משודר. בנוסף, תוספת זו מאפשרת לך לגשת במהירות לסרטונים ולתכנים המוצעים על ידי אתרים מסוימים.</description>
    <disclaimer lang="he_IL">דוחות שגיאה, הצעות לשיפור או תוספות תוכן יתקבלו בברכה! ל-GitHub או אימייל.</disclaimer>
    <summary lang="nl_NL">Catch-Up TV &amp; More: Replay tv, Live tv en meer.</summary>
    <description lang="nl_NL">Catch-Up TV &amp; More brengt replay en live tv van verschikkende diensten en kanalen samen in één Kodi add-on. Bovendien stelt deze add-on u instaat video's van bepaalde websites makkelijk te benaderen.</description>
    <disclaimer lang="nl_NL">Bug meldingen, suggesties ter verbetering of additionele inhouden zijn welkom! Via GitHub of e-mail.</disclaimer>

    <language></language>
    <platform>all</platform>
    <license>GPL-2.0</license>
    <forum>https://forum.kodi.tv/showthread.php?tid=307107</forum>
    <website>https://catch-up-tv-and-more.github.io/</website>
    <email>catch.up.tv.and.more at gmail dot com</email>
    <source>https://github.com/Catch-up-TV-and-More/plugin.video.catchuptvandmore</source>
    <news>
[Version 0.2.38]
[IT - RADIOFRECCIA] Add Radiofreccia Web TV (PR #675) Thanks @darodi
[FR - LEQUIPE] Add additional lives (issue #481)
[FR - EQUIDIA] Use the more generic Equidia-racing instead of multiple channels
[FR - RMCBFMPLAY] Make sure to not use item_id again
[FR] Rearrange skeleton
[IT - RADIOFRECCIA] Enable multiple resolutions
[FR - RMCBFMPLAY] Avoid a problem of conversion UTF-8 into ASCII (issue #678)
[Project] Update the requested version of resource.images.catchuptvandmore (issue #680)
[FR - RMCBFMPlay] Call get_token and get_account_id only when needed
[Project] Remove print
[FR - MYCANAL] Code cleanup thanks @Arias800
[IT - RADIOFRECCIA] Make it work without inputstream.adaptive thanks @darodi
[Project] PR workflow: flake8 with forks - fix test-plugin-modules (PR #686) thanks @darodi
[BE - TV LUX] Fix live (PR #687) thanks @darodi
[WO - EURONEWS] Update Euronews link (PR #679) thanks @adrien3287
[BE - TV LUX] Small pattern fix (PR #689) thanks @darodi
[FR - MYCANAL] Fix flake8 (PR #690) thanks @darodi
[Project] Revert commit 27b088548a870901fd629e77c95b442549dabe03 (issue #688)
[XMLTV] Fix issue if 'episode-num' format is wrong in xmltv file
[XMLTV] Add default XMLTV id for CA channels
[FR - LIVE] Add Sud Radio (issue #696)
[Project] Make Flake8 happy
[XMLTV] Support Schedules Direct (see addon settings) for canadian channels
[FR - RMCBFMPLAY] Fix a compatibility issue with Leia and below (issue #678)
[XMLTV] Avoid Python 3 specific syntax not available in Leia and below
[SD] Fix encoding issue on Linux computers
[XMLTV] Fix f-strings for Python2
[IT - RADIOFRECCIA] Choose quality without inputstream.adaptive thanks @darodi
[XMLTV] FIx the type of the opened file thanks @JungleJim42
[IT - RTL 102.5] Add radio lives (PR #705 issue #704) thanks @darodi
[IT - RTL 102.5] Get_live_url changes (PR #706) thanks @darodi
[BE - TELE MB] Fix live (PR #707) thanks @darodi
[IT - RTL 102.5] Extract video URL using “YouTube.DL” without inputstream adaptative thanks @darodi
[BE - VRT] Fix live (PR #709) thanks @darodi
[BE - Bouke] Fix live, formerly known as CanalC (PR #710) thanks @darodi
[BE - Bouke] Refactoring in resolver_proxy.py (PR #710) thanks @darodi
[IT - RTL102.5] Refactoring in resolver_proxy.py (PR #710) thanks @darodi
[BE - TV Lux] Refactoring in resolver_proxy.py (PR #710) thanks @darodi
[BE - AB] Check widevine (PR #711) thanks @darodi
[BE - VRT] Check widevine (PR #711) thanks @darodi
[BE - TELE MB] Refactoring in resolver_proxy.py (PR #711) thanks @darodi
[BE - BOUKE] Add replay (PR #712) thanks @darodi
[IT - RTL 102.5] Copyright correction (PR #713) thanks @darodi
[Project] Refactoring in resolver_proxy.py (PR #714) thanks @darodi
[Project] Refactoring in web_utils.py (PR #714) thanks @darodi
[WO - TV5MONDEPLUS] Add search, use GeoIp country, random user agent, language (PR #715) thanks @darodi
Settings: Add InputStream adaptive settings link (PR #717) thanks @darodi
[BE - RTBFAUVIO] Allow using input stream adaptive (PR #718) thanks @darodi
[CA, WO - ICIRDI] Move Icirdi from International live into Canada live (PR #719) thanks @JungleJim42
[CA - ICIRDI] Use get_stream_ia_or_default
[CH - LATELE] Add live (PR #720) thanks @darodi
[XMLTV] Remove fstrings definitively
[BE - BOUKE] Fix images and thumbs (PR #721) thanks @darodi
[WO - TV5MONDEPLUS] Fix missing description (PR #722) thanks @darodi
[Project] Add get_stream_with_quality function (PR #723) thanks @darodi
[Project] Improve the french translation
[FR - PROVENCEAZUR] Provence Azur is remplaced by BFM-Marseille and BFM Nice Côte d'Azur
[FR - LIVE] Remove a useless item
[FR - TVVENDEE] Fix the link (issue #726)
[Project] Improve translations (PR #725) thanks @darodi
[Project] settings changes (PR #725) thanks @darodi
[Project] Revert "[Project] Improve translations" (PR #727 issue #724) thanks @dardi
[Project] Improve translations - qualities as enum (PR #727 issue #724) thanks @dardi
[FR - TVPI] Fix live (issue #726)
[FR - TEBEO] Fix live (issue #726)
[Project] Qualities as enum - fix comparison (PR #729) thanks @darodi
[ES - MITELE] Fix typos and undeclared values (PR #730) thanks @darodi
[BE - LN24] Add replay (PR #731) thanks @darodi
[FR - WEO] Fix live (issue #726)
[BE - LN24] Add replay - partenaires (PR  #732) thanks @darodi
[Project] Qualities as enum - better default qualities (PR #733) thanks @darodi
[Project] Qualities - refactoring resolver_proxy.py (PR #733) thanks @darodi
[BE - ACTV] Fix live (PR #734) thanks @darodi
[BE - ATV] Live qualities (PR #735) thanks @darodi
[FR - WEO] Fix qualities (issue #726) thanks @darodi
[FR - WEO] Fix live (PR #736 issue #726) thanks @darodi
[Project] Use get_stream_with_quality in a few more places (PR #738)
[MA - TELEMAROC] Fix live (PR #742)
[US - PBSKIDS] Fix live (PR #743)
[MA - MEDI1] Fix live (PR #744)
[BE - NRJ] Fix live, Fix replay (PR #745 issue #741) thanks @darodi
[MA - SNRT] Fix lives (PR #746)
[BE - HLN] Remove useless suffix in file name (PR #747)
[FR] Fix translation (PR #749)
[FR - LEQUIPE] Add live channel 3
[ET] Rearrange items (PR #751)
[Project] resolver_proxy.py disable context related (PR #755 issue 754) thanks @darodi
[Project] Use get_stream_with_quality in more places (PR #756)
[Project] Use get_stream_with_quality in more places (PR #757) thanks @darodi
[FR - MYCANAL] Use other links for lives (PR #759) thanks @Arias800
[FR - MYCANAL] Give choose for the live links (PR #760)
[FR - MYCANAL] Make flake 8 happy
[Project] Add headers for license_key in get_stream_with_quality
[FR - ANTENNEREUNION] Fix live
[FR - MYCANAL] Workaround for drm protected content (3 commits) (PR #761, issue #48) thanks @Arias800
[UK - UKTVPLAY] Fix file to retrieve token needed for lives (issue #541 and #762)
[US - ABCNEWS] Partially fix #140 (issue #120 PR #765) thanks @Arias800
[US - ABCNEWS] Fix Flake 8 (PR #765) thanks @Arias800
[FR - TEBEO] Fix replay (PR #769)
[FR - CALEDONIA] Fix replay (PR #770)
[TR - FOX] Add channel (PR #771) thanks @itasli
addons.xml: Fix translation (PR #772)
[TR - Show TV] Add channel (PR #774) thanks @itasli
[TR - Kanal D] Add channel (PR #775) thanks @itasli
[TR - Star TV] Add channel (PR #776) thanks @itasli
[TR - Kanal 7] Add channel (PR #777) thanks @itasli
[TR - TV 8] Add channel (PR #778) thanks @itasli
[TR - ShowMax] Add channel (PR #779) thanks @itasli
[TR - Haber Global] Add channel (PR #782) thanks @itasli
[TR - TV 8] Fix url (PR #782) thanks @itasli
[TR - Haberturk] Add channel (PR #783) thanks @itasli
[TR - Bloomberg HT] Add channel (PR #786) thanks @itasli
[TR - NTV] Add channel (PR #787) thanks @itasli
[TR - 360 TV] Add channel (PR #788) thanks @itasli
[TR - Tele1] Add channel (PR #789) thanks @itasli
[TR - Bloomberg] Retrieve the good url (PR #790) thanks @itasli
[TR - Kanal D] Added custom headers (PR #793) thanks @itasli
[TR - Cine5] Add Channel (PR #794) thanks @itasli
[TR - Teve 2] Add Channel (PR #796) thanks @itasli
[FR - TVPI] Fix replay
[JP - TVER] Fix replay
[WO- TV5MONDE] TV5Monde live outside FBS (PR #803 issue #802) thanks @darodi
[TR - ATV] Add channel (PR #806) thanks @itasli 
[WO - ARTE] Fix replay (PR #807)
[TR - A2] Add channel (PR #808) thanks @itasli
[TR - A HABER] Add channel (PR #809) thanks @itasli
[TR - A SPOR] Add channel (PR #810) thanks @itasli
[TR - ATV] Use item_id instead of hardcoded string (PR #811) thanks @itasli
[TR - ATV] Merged A2, ASPOR and AHABER into one file (PR #813) thanks @itasli
[TR - A PARA] Add channel (PR #814) thanks @itasli
[TR - CNNTURK] Add channel (PR #815) thanks @itasli
[CA -TVA] Fix replay (PR #817)
[TR - 24TV] Add channel (PR #816) thanks @itasli
[TR - TV 5] Add channel (PR #819) thanks @itasli
[TR - ULKE TV] Add channel (PR #820) thanks @itasli
[TR - VAV TV] Add channel (PR #821) thanks @itasli
[TR - MINIKA COCUK] Add channel (PR #822) thanks @itasli
[CA - TVA] Use get_stream_with_quality (PR #823)
[TR - MINIKA GO] Add channel (PR #824) thanks @itasli
[TR - TVNET] Add channel (PR #825) thanks @itasli
[TR - TRT] Add channels (PR #826) thanks @itasli
[TR - TRT Haber] Add channel (PR #827) thanks @itasli
[TR - CINERGROUP] Merged Cinergroup channels (PR #828) thanks @itasli
[TR - AVRUPA] Add channel (PR #830) thanks @itasli
[TR - TURKUVAZ] Rename atv.py file thanks @itasli
[TR] Fix skeleton
[TR - EURO STAR] Add channel (PR #831) thanks @itasli
[TR - DOGAN] Rename kanald.py file (PR #832) thanks @itasli
[TR - DOGAN] Added Euro D (PR #833) thanks @itasli
[TR - KANAL 7] Add Kanal 7 Avrupa (PR #834) thanks @itasli
[TR - TV8] Add TV8 Int (PR #835) thanks @itasli
[TR - DOGUS] Added Dogus group channels (PR #836) thanks @itasli
[BE - RTBFAuvio] Limit bitrate for live and drm stream (PR #838 issue #837) thanks @darodi
[UK - STV] Fix Catch up fails with "Type Error" (PR #842 issue #812) thanks @darodi 
[BE - RTBFAuvio] Paginate list_videos_category (PR #841 issue #837) thanks @darodi
[UK - STV] Use get_stream_with_quality for live
[UK - BLAZE] Fix UK Blaze Catchup fails with "InvalidHeader" Error (PR #845 issue #843) thanks @darodi
[Project] Make Enum compatible with python 2.7 and kodi 18 (PR #846 issue #830) thanks @darodi
[Website - NYTIMES] Fix fails to open, with error: KeyError 'data' (PR #847 issue #844) thanks @darodi
[FR - ANTENNEREUNION] Fix live and replay (PR #848 issue #737) thanks @darodi
[Website - VEELY] Add live and replay (PR #852 issue #850) thanks @darodi
[Website - VEELY] Add thumbnails and plots (PR #853 issue #850) thanks @darodi
[BE - Bouke] Fix plot (PR #854) thanks @darodi
[FR - GameOne] Removed (PR #858) thanks @darodi
[FR - MTV] Removed (PR #859) thanks @darodi
[Website - VEELY] Add seasons, episodes and duration (PR #862)
[FR - CNEWS] Fix replay
[Website - SONUMA] Add site (PR #866 issue #861) thanks @darodi
[Website - SONUMA] Better management of empty lists (PR #867) thanks @darodi
[Website - SONUMA] Improve search (PR #867) thanks @darodi
[WO - Euronews] Add Romania live (PR #869) thanks @darodi
[Website - SONUMA] Fix next page thematique (PR #872) thanks @darodi
[FR - LCI] Fix replay (PR #875 issue #874) thanks @darodi
[FR - LA1ERE] Use https
[FR - FRANCETV] Fix live for regions
[SK - JOJ] Add lives (PR #878 issue #876) thanks @darodi
[SK - JOJ] Add images (PR #878 issue #876) thanks @darodi
[BE - Canal Zoom] Add live (PR #884 issue #879) thanks @darodi
[BE - MATELE] Add live (PR #885 issue #881) thanks @darodi
[BE - NOTELE] Add live (PR #886 issue #883) thanks @darodi
[BE - MNM] Add live (PR #887 issue #882) thanks @darodi
[BE - CITY-MUSIC] Add live (PR #888 issue #880) thanks @darodi
[Project] Fix README typo PR #899) thanks @JohnVeness
[FR - NRJ] Use get_stream_with_quality
[FR - RMCBFMPLAY] Update url for token
[Project] Add vpn context (PR #898) thanks @darodi
[FR - FRANCETV] Fix live
[TR - TV8] Fix TV8 HD selection (PR #899) thanks @itasli
[Project] Make Flake8 happy
[FR - TEBEO] Fix live
[FR - TEBEO] Use get_stream_with_quality for replay
[BE - RTC LIEGE] Fix live
[BE - TELEMB] Fix live
[BE - ANTENNECENTRE] Fix live
[BE - TELESAMBRE] Fix live
[BE - ROBTV] Use get_stream_with_quality
[CN - CCTV] Fix live (PR #903 issue #900 #902) thanks @darodi
[CH - SRGSSR] Fix live
[FR - BFM] Rename BFM Paris into BFM PARIS ILE-DE-FRANCE (PR #908) thanks @Yetigenial
[FR - ALSACE20] Alsace 20 is BFM Alsace now (PR #908) thanks @Yetigenial
[FR - 01TV] 01TV is TECH and CO now (PR #908) thanks @Yetigenial
[BE - TVLUX] Fix live (issue #912)
[Project - settings.xml] Fix a typo
[BE - BOULKE] Fix live (issue #912)
[BE - TVCOM] Fix live (issue #912)
Project: Make compliant with Kodi 18 (issue #910)
[BE - RTBF] Make compliant with Kodi 18
[BE - RTBF] Fix error when url_embed is missing (PR #916) thanks @darodi
[UK - STV] Fix replay (issue #913)
[FR - NRJ] Do not use get_stream_with_quality for replay (issue #918)
[WO - DW] Fix live (issue #922)
[WO - FRANCE24] Fix live (issue #921, #923)
----
Visit WebSite - http://mpdb.tv/#home which host the french forum used by users of CU TV and More
    </news>
    <assets>
      <icon>icon.png</icon>
      <fanart>fanart.jpg</fanart>
      <screenshot>resources/screenshots/screenshot-01.jpg</screenshot>
      <screenshot>resources/screenshots/screenshot-02.jpg</screenshot>
      <screenshot>resources/screenshots/screenshot-03.jpg</screenshot>
      <screenshot>resources/screenshots/screenshot-04.jpg</screenshot>
      <screenshot>resources/screenshots/screenshot-05.jpg</screenshot>
    </assets>
  </extension>
</addon>
