<?xml version="1.0" encoding="UTF-8" standalone="yes"?>
<addon id="plugin.video.catchuptvandmore" name="Catch-up TV &amp; More" version="0.2.38~beta21" provider-name="SylvainCecchetto,wwark,joaopa">
  <requires>
    <!-- xbmc.python -->
    <import addon="script.module.codequick" version="0.9.13"/>
    <import addon="script.module.youtube.dl" version="18.225.0"/>
    <import addon="script.module.requests" version="2.12.4"/>
    <import addon="script.module.pytz" version="2014.2"/>
    <import addon="script.module.inputstreamhelper" version="0.3.3"/>
    <import addon="script.module.six" version="1.11.0"/>
    <import addon="script.module.pyqrcode" version="0.0.1"/>
    <import addon="script.module.tzlocal" version="2.0.0"/>
    <import addon="script.module.future" version="0.17.1"/>
    <import addon="script.module.kodi-six" version="0.0.4"/>
    <import addon="resource.images.catchuptvandmore" version="1.0.0"/>
  </requires>
  <extension point="xbmc.python.pluginsource" library="addon.py">
    <provides>video</provides>
  </extension>
  <extension point="xbmc.service" library="service.py"/>
  <extension point="xbmc.addon.metadata">
    <!-- Set reuselanguageinvoker to false while developing the addon, making it only true for the production version -->
    <!-- See https://kodi.wiki/view/Addon.xml#.3Creuselanguageinvoker.3E -->
    <reuselanguageinvoker>true</reuselanguageinvoker>
    <summary lang="fr_FR">Catch-Up TV &amp; More : Replay TV, Live TV et bien plus encore.</summary>
    <description lang="fr_FR">Catch-Up TV &amp; More regroupe dans un même plugin Kodi l'ensemble des vidéos des différents services et chaînes de Replay TV (rattrapage TV) ainsi que l'accès au direct. De plus, cette extension vous permet d'accéder rapidement aux vidéos et contenus proposés par certains sites internet.</description>
    <disclaimer lang="fr_FR">Retours de bugs, propositions d'améliorations ou d'ajout de contenus sont les bienvenue ! GitHub ou e-mail.</disclaimer>
    <summary lang="en_GB">Catch-Up TV &amp; More: It's all in the title.</summary>
    <description lang="en_GB">Catch-Up TV &amp; More brings together in one Kodi add-on all the videos of the various services and channels of catch-up TV and live TV. Furthermore, this add-on allows you to quickly access the videos and content offered by certain websites.</description>
    <disclaimer lang="en_GB">Bug reports, suggestions for improvements or content additions are welcome! GitHub or e-mail.</disclaimer>
    <description lang="he_IL">ההרחבה מאפשרת לך להתעדכן בתוכן השידורים תוסף אחד של קודי מרכז את כל קטעי וידאו של שירותים שונים וערוצי תוכן משודר. בנוסף, תוספת זו מאפשרת לך לגשת במהירות לסרטונים ולתכנים המוצעים על ידי אתרים מסוימים.</description>
    <disclaimer lang="he_IL">דוחות שגיאה, הצעות לשיפור או תוספות תוכן יתקבלו בברכה! ל-GitHub או אימייל.</disclaimer>
    <summary lang="nl_NL">Catch-Up TV &amp; More: Replay tv, Live tv en meer.</summary>
    <description lang="nl_NL">Catch-Up TV &amp; More brengt replay en live tv van verschikkende diensten en kanalen samen in één Kodi add-on. Bovendien stelt deze add-on u instaat video's van bepaalde websites makkelijk te benaderen.</description>
    <disclaimer lang="nl_NL">Bug meldingen, suggesties ter verbetering of additionele inhouden zijn welkom! Via GitHub of e-mail.</disclaimer>

    <language></language>
    <platform>all</platform>
    <license>GPL-2.0</license>
    <forum>https://forum.kodi.tv/showthread.php?tid=307107</forum>
    <website>https://catch-up-tv-and-more.github.io/</website>
    <email>catch.up.tv.and.more at gmail dot com</email>
    <source>https://github.com/Catch-up-TV-and-More/plugin.video.catchuptvandmore</source>
    <news>
[Version 0.2.38]
[IT - RADIOFRECCIA] Add Radiofreccia Web TV (PR #675) Thanks @darodi
[FR - LEQUIPE] Add additional lives (issue #481)
[FR - EQUIDIA] Use the more generic Equidia-racing instead of multiple channels
[FR - RMCBFMPLAY] Make sure to not use item_id again
[FR] Rearrange skeleton
[IT - RADIOFRECCIA] Enable multiple resolutions
[FR - RMCBFMPLAY] Avoid a problem of conversion UTF-8 into ASCII (issue #678)
[Project] Update the requested version of resource.images.catchuptvandmore (issue #680)
[FR - RMCBFMPlay] Call get_token and get_account_id only when needed
[Project] Remove print
[FR - MYCANAL] Code cleanup thanks @Arias800
[IT - RADIOFRECCIA] Make it work without inputstream.adaptive thanks @darodi
[Project] PR workflow: flake8 with forks - fix test-plugin-modules (PR #686) thanks @darodi
[BE - TV LUX] Fix live (PR #687) thanks @darodi
[WO - EURONEWS] Update Euronews link (PR #679) thanks @adrien3287
[BE - TV LUX] Small pattern fix (PR #689) thanks @darodi
[FR - MYCANAL] Fix flake8 (PR #690) thanks @darodi
[Project] Revert commit 27b088548a870901fd629e77c95b442549dabe03 (issue #688)
[XMLTV] Fix issue if 'episode-num' format is wrong in xmltv file
[XMLTV] Add default XMLTV id for CA channels
[FR - LIVE] Add Sud Radio (issue #696)
[Project] Make Flake8 happy
[XMLTV] Support Schedules Direct (see addon settings) for canadian channels
[FR - RMCBFMPLAY] Fix a compatibility issue with Leia and below (issue #678)
[XMLTV] Avoid Python 3 specific syntax not available in Leia and below
[SD] Fix encoding issue on Linux computers
[XMLTV] Fix f-strings for Python2
[IT - RADIOFRECCIA] Choose quality without inputstream.adaptive thanks @darodi
[XMLTV] FIx the type of the opened file thanks @JungleJim42
[IT - RTL 102.5] Add radio lives (PR #705 issue #704) thanks @darodi
[IT - RTL 102.5] Get_live_url changes (PR #706) thanks @darodi
[BE - TELE MB] Fix live (PR #707) thanks @darodi
[IT - RTL 102.5] Extract video URL using “YouTube.DL” without inputstream adaptative thanks @darodi
[BE - VRT] Fix live (PR #709) thanks @darodi
[BE - Bouke] Fix live, formerly known as CanalC (PR #710) thanks @darodi
[BE - Bouke] Refactoring in resolver_proxy.py (PR #710) thanks @darodi
[IT - RTL102.5] Refactoring in resolver_proxy.py (PR #710) thanks @darodi
[BE - TV Lux] Refactoring in resolver_proxy.py (PR #710) thanks @darodi
[BE - AB] Check widevine (PR #711) thanks @darodi
[BE - VRT] Check widevine (PR #711) thanks @darodi
[BE - TELE MB] Refactoring in resolver_proxy.py (PR #711) thanks @darodi
[BE - BOUKE] Add replay (PR #712) thanks @darodi
[IT - RTL 102.5] Copyright correction (PR #713) thanks @darodi
[Project] Refactoring in resolver_proxy.py (PR #714) thanks @darodi
[Project] Refactoring in web_utils.py (PR #714) thanks @darodi
[WO - TV5MONDEPLUS] Add search, use GeoIp country, random user agent, language (PR #715) thanks @darodi
Settings: Add InputStream adaptive settings link (PR #717) thanks @darodi
[BE - RTBFAUVIO] Allow using input stream adaptive (PR #718) thanks @darodi
[CA, WO - ICIRDI] Move Icirdi from International live into Canada live (PR #719) thanks @JungleJim42
[CA - ICIRDI] Use get_stream_ia_or_default
[CH - LATELE] Add live (PR #720) thanks @darodi
[XMLTV] Remove fstrings definitively
[BE - BOUKE] Fix images and thumbs (PR #721) thanks @darodi
[WO - TV5MONDEPLUS] Fix missing description (PR #722) thanks @darodi
[Project] Add get_stream_with_quality function (PR #723) thanks @darodi
[Project] Improve the french translation
[FR - PROVENCEAZUR] Provence Azur is remplaced by BFM-Marseille and BFM Nice Côte d'Azur
[FR - LIVE] Remove a useless item
[FR - TVVENDEE] Fix the link (issue #726)
[Project] Improve translations (PR #725) thanks @darodi
[Project] settings changes (PR #725) thanks @darodi
[Project] Revert "[Project] Improve translations" (PR #727 issue #724) thanks @dardi
[Project] Improve translations - qualities as enum (PR #727 issue #724) thanks @dardi
[FR - TVPI] Fix live (issue #726)
[FR - TEBEO] Fix live (issue #726)
[Project] Qualities as enum - fix comparison (PR #729) thanks @darodi
[ES - MITELE] Fix typos and undeclared values (PR #730) thanks @darodi
[BE - LN24] Add replay (PR #731) thanks @darodi
[FR - WEO] Fix live (issue #726)
[BE - LN24] Add replay - partenaires (PR  #732) thanks @darodi
[Project] Qualities as enum - better default qualities (PR #733) thanks @darodi
[Project] Qualities - refactoring resolver_proxy.py (PR #733) thanks @darodi
[BE - ACTV] Fix live (PR #734) thanks @darodi
[BE - ATV] Live qualities (PR #735) thanks @darodi
[FR - WEO] Fix qualities (issue #726) thanks @darodi
[FR - WEO] Fix live (PR #736 issue #726) thanks @darodi
[Project] Use get_stream_with_quality in a few more places (PR #738)
[MA - TELEMAROC] Fix live (PR #742)
[US - PBSKIDS] Fix live (PR #743)
[MA - MEDI1] Fix live (PR #744)
[BE - NRJ] Fix live, Fix replay (PR #745 issue #741) thanks @darodi
[MA - SNRT] Fix lives (PR #746)
[BE - HLN] Remove useless suffix in file name (PR #747)
[FR] Fix translation (PR #749)
----
Visit WebSite - http://mpdb.tv/#home which host the french forum used by users of CU TV and More
    </news>
    <assets>
      <icon>icon.png</icon>
      <fanart>fanart.jpg</fanart>
      <screenshot>resources/screenshots/screenshot-01.jpg</screenshot>
      <screenshot>resources/screenshots/screenshot-02.jpg</screenshot>
      <screenshot>resources/screenshots/screenshot-03.jpg</screenshot>
      <screenshot>resources/screenshots/screenshot-04.jpg</screenshot>
      <screenshot>resources/screenshots/screenshot-05.jpg</screenshot>
    </assets>
  </extension>
</addon>
